features,accuracy,precision,recall,f1
baseline,0.792416245,0.862074485,0.69621235,0.770316337
variance-enhanced,0.809738231,0.842285714,0.762183824,0.800235257
